{
    "1": {
        "anim_name": "\u65b0\u5efa\u65f6\u95f4\u8f74", 
        "dt": [
            {
                "dt": [
                    {
                        "dt": {
                            "0": {
                                "val": [
                                    48.489583333333336, 
                                    81.75925925925927, 
                                    931.0, 
                                    882.0
                                ]
                            }, 
                            "10": {
                                "val": {
                                    "__tuple__": true, 
                                    "items": [
                                        48.489583333333336, 
                                        64.81481481481481, 
                                        931.0, 
                                        700.0
                                    ]
                                }
                            }, 
                            "20": {
                                "val": {
                                    "__tuple__": true, 
                                    "items": [
                                        48.489583333333336, 
                                        64.81481481481481, 
                                        931.0, 
                                        700.0
                                    ]
                                }
                            }
                        }, 
                        "tp": 1
                    }, 
                    {
                        "dt": {
                            "0": {
                                "val": {
                                    "__tuple__": true, 
                                    "items": [
                                        156, 
                                        156
                                    ]
                                }
                            }
                        }, 
                        "tp": 9
                    }, 
                    {
                        "dt": {
                            "0": {
                                "val": 0
                            }
                        }, 
                        "tp": 3
                    }, 
                    {
                        "dt": {
                            "0": {
                                "val": 1.0
                            }
                        }, 
                        "tp": 4
                    }, 
                    {
                        "dt": {
                            "0": {
                                "val": {
                                    "__tuple__": true, 
                                    "items": [
                                        1, 
                                        1
                                    ]
                                }
                            }
                        }, 
                        "tp": 2
                    }, 
                    {
                        "dt": {
                            "0": {
                                "val": true
                            }
                        }, 
                        "tp": 5
                    }
                ], 
                "enabled": true, 
                "name": "da46a881-94a3-4d16-b661-d069db67cc1d"
            }
        ], 
        "event_data": {}, 
        "f_rt": 30, 
        "group": "41a2cc30-16c4-4072-90cf-7ecae8ff2d7b", 
        "lp": false, 
        "max_frame": 100
    }
}